                  epoch,         train/box_loss,         train/cls_loss,         train/dfl_loss,   metrics/precision(B),      metrics/recall(B),       metrics/mAP50(B),    metrics/mAP50-95(B),           val/box_loss,           val/cls_loss,           val/dfl_loss,                 lr/pg0,                 lr/pg1,                 lr/pg2
                      1,                  1.729,                 1.0323,                  1.543,                0.53839,                0.46917,                0.49031,                0.22755,                 1.9207,                 1.3476,                 1.7536,             0.00017426,             0.00017426,             0.00017426
                      2,                 1.7294,                 1.0479,                 1.5272,                0.57012,                0.43511,                0.51847,                0.24639,                 1.8587,                 1.3635,                 1.6854,             0.00028037,             0.00028037,             0.00028037
                      3,                 1.7353,                 1.0508,                 1.5411,                0.47746,                0.45374,                0.47752,                0.22288,                 1.8575,                 1.3942,                 1.6879,             0.00031705,             0.00031705,             0.00031705
                      4,                 1.6979,                 1.0087,                  1.511,                0.61352,                  0.448,                0.48591,                0.23611,                 1.9226,                 1.3334,                 1.7565,             0.00021356,             0.00021356,             0.00021356
                      5,                 1.6851,                0.95067,                 1.5012,                0.71992,                0.45438,                0.54707,                0.26408,                 1.8824,                 1.2863,                 1.7164,             0.00010941,             0.00010941,             0.00010941
